y,x1,x2,x3,x4,x5,x6,cat1,cat2,cat3,cat4
109.9,49.37,9.96,12227.56,53.52,-7.05,10.43,High,B,B,Low
97.2,44.92,7.19,7972.68,59.77,-5.29,10.13,Medium,C,C,Medium
113.0,56.24,10.68,10270.88,60.14,-7.63,9.96,High,B,A,High
130.5,67.82,14.02,9996.31,63.54,-7.6,11.78,High,C,B,Low
95.3,44.87,9.38,5738.55,49.75,-6.99,8.71,Low,B,C,Low
95.3,46.08,6.43,8329.89,64.44,8.46,10.86,Medium,A,C,Medium
131.6,62.21,13.9,12678.48,39.72,6.71,12.39,High,A,C,Low
115.3,55.13,11.19,12777.27,55.28,7.67,10.08,High,B,B,Medium
90.6,41.11,5.2,4453.22,56.34,-8.03,9.61,Low,A,B,Medium
110.9,57.57,7.87,9942.97,64.75,-9.45,10.95,High,C,B,Low
90.7,40.1,8.39,5852.17,60.17,-6.5,8.54,Low,A,B,High
90.7,44.55,7.2,4200.84,49.46,6.85,10.14,Low,A,B,Medium
104.8,44.12,9.22,10078.95,52.61,7.01,10.43,High,C,C,Medium
61.7,33.62,4.75,3386.17,61.49,5.47,5.81,Low,A,A,High
65.5,25.81,2.55,3056.67,59.41,-3.24,5.89,High,A,A,High
88.8,43.59,6.17,4256.2,55.66,6.46,7.57,Medium,B,A,Medium
79.7,42.48,5.3,5960.15,56.39,-5.91,9.24,Medium,C,C,Medium
106.3,55.08,11.18,13112.22,65.22,6.77,9.04,Low,C,B,Medium
81.8,42.2,4.25,4975.75,56.12,6.63,10.04,Low,B,A,High
71.8,34.18,5.93,2727.94,59.34,5.8,9.48,Low,B,A,Medium
129.3,62.57,13.2,10914.15,76.27,7.71,13.28,High,A,B,Low
95.5,50.04,6.36,7103.52,49.32,-5.45,7.88,Medium,A,C,Medium
101.4,50.77,5.69,8050.44,46.11,8.06,10.89,Medium,A,B,Medium
71.5,27.18,6.01,2213.05,65.88,6.09,8.6,Low,B,A,Medium
89.1,37.65,10.17,8000.27,54.91,-8.52,10.36,Low,C,B,High
102.2,49.36,7.47,8172.94,57.61,-7.44,9.4,Medium,A,C,Medium
77.0,38.34,2.14,3650.41,54.14,-4.04,9.19,Low,B,B,Low
107.5,53.28,6.85,7890.83,58.05,-7.52,11.56,Low,C,C,Medium
88.0,41.54,5.52,5954.84,71.99,-5.75,8.9,Low,B,A,High
94.2,51.17,7.26,6222.64,66.02,8.02,11.08,Medium,A,A,Medium
88.0,45.01,4.68,8717.99,66.47,-6.46,10.23,Medium,B,A,High
137.0,75.2,16.86,16241.77,49.38,-8.95,13.39,High,B,B,Low
99.7,48.27,6.68,6562.83,51.37,5.11,11.32,Medium,B,C,Medium
78.8,36.83,4.13,5169.7,38.71,6.83,8.68,Low,B,B,High
116.5,60.16,8.78,10194.38,53.93,6.98,12.48,High,C,A,Low
75.6,31.5,0.67,3239.75,67.18,-6.01,10.26,High,A,A,High
104.2,56.99,7.48,8461.46,63.88,6.22,10.21,Low,C,C,Low
60.8,36.26,4.09,1972.14,58.34,5.3,8.47,Medium,B,A,High
73.4,35.82,4.38,4399.76,59.83,-6.03,5.8,Medium,B,B,High
103.9,47.78,10.47,8214.06,54.83,-6.99,8.2,High,A,C,Medium
114.8,50.65,10.9,8980.51,61.54,6.68,11.49,Medium,A,B,Low
103.4,53.55,8.49,7593.41,65.74,8.15,9.61,Medium,C,C,High
97.7,44.53,7.79,7655.65,47.88,6.51,9.09,Medium,C,C,Medium
94.0,47.14,6.34,5950.48,62.25,5.52,10.29,Low,A,B,Medium
70.4,35.91,5.24,2457.16,66.99,5.85,10.02,Medium,C,A,High
85.6,39.27,3.97,7640.97,56.89,6.57,9.27,Medium,B,A,High
90.8,42.78,6.15,4393.41,65.26,-6.61,9.71,Medium,B,C,Medium
121.1,66.88,11.29,11859.15,81.11,-6.69,11.4,Medium,A,B,Low
106.9,47.53,8.94,7811.62,59.22,-7.5,9.9,Medium,C,C,Medium
64.7,26.85,3.43,1593.75,62.95,5.59,8.93,Medium,B,A,High
106.5,55.74,7.26,10553.33,54.46,6.41,11.38,High,A,A,Medium
92.3,44.57,7.55,6908.23,61.36,7.45,9.49,Low,C,A,Medium
86.5,41.25,6.56,5450.52,63.45,-6.43,8.87,Low,B,A,High
112.2,55.07,9.86,10745.46,61.46,7.16,11.65,High,C,B,Medium
120.6,62.51,13.04,8352.77,52.35,-9.29,10.1,Medium,C,B,Low
118.6,62.0,11.87,12243.67,61.55,-6.55,12.41,High,C,A,Medium
83.2,41.71,5.95,5295.64,70.97,5.47,9.74,High,A,B,Medium
93.8,42.22,5.31,5950.54,63.36,6.38,9.95,Medium,B,C,Medium
106.6,51.14,8.07,10298.78,67.21,7.59,10.92,High,A,C,Medium
119.5,61.24,10.64,11611.24,58.22,-8.69,11.44,Low,B,B,Low
90.4,42.12,4.91,5301.79,65.62,-7.92,7.28,Low,B,A,Medium
96.3,59.54,7.05,7058.73,62.09,-8.64,10.64,Low,A,A,Medium
77.9,34.34,4.2,4049.93,52.87,-5.66,5.39,Low,A,C,Medium
76.1,45.0,4.72,4279.3,62.39,5.73,8.21,High,B,A,Medium
116.3,59.58,9.86,12920.68,52.56,9.97,10.7,Medium,B,C,Low
127.1,68.04,13.53,11987.56,55.25,7.18,10.84,High,B,B,Low
98.6,54.46,10.59,4784.4,61.42,-7.76,6.93,Medium,C,C,Low
120.1,55.39,11.23,11008.16,62.23,7.3,11.83,High,B,B,Low
107.2,55.49,6.55,8169.55,51.08,-7.13,11.39,Medium,A,C,Low
87.1,42.16,4.41,4411.25,67.9,6.22,10.11,Low,A,A,Medium
107.2,53.8,7.19,10534.24,64.29,-6.83,10.32,Low,A,C,Medium
130.8,63.47,11.94,10363.26,54.71,-8.87,12.86,High,B,B,Medium
99.3,49.33,7.16,6826.79,48.47,5.94,9.94,Medium,B,C,Low
131.3,70.78,13.54,10590.81,58.91,6.66,9.87,High,C,B,Low
47.6,19.82,3.46,1491.19,56.66,-6.66,6.68,Medium,C,A,High
116.4,60.19,10.71,7487.43,60.85,-8.04,11.06,High,A,C,Low
101.7,57.1,6.79,6461.69,57.28,6.89,10.68,Medium,C,C,Medium
94.0,48.72,4.87,5548.0,44.94,-7.36,8.72,Low,C,C,Medium
101.8,44.91,7.86,7210.76,57.09,-6.14,10.88,Medium,A,C,Medium
60.2,26.72,3.97,2236.02,57.71,-4.51,4.83,High,B,A,Medium
95.6,49.2,6.77,5007.29,64.75,-7.18,7.55,High,C,C,Low
107.1,54.97,7.68,8279.42,54.76,5.88,10.1,High,B,C,Medium
129.6,66.07,15.37,17079.31,72.59,7.6,11.39,High,A,B,Low
89.6,36.51,9.22,7021.69,45.66,6.21,8.31,Low,A,A,Medium
83.8,40.39,6.12,4949.69,69.83,5.95,7.87,Low,C,A,High
90.0,43.26,7.75,5245.07,58.32,-7.27,10.3,Low,A,B,High
118.3,55.03,11.37,10768.64,66.45,-8.21,11.35,High,A,B,Low
106.6,52.33,8.63,6655.21,60.6,-7.61,11.53,Medium,A,C,Medium
89.4,45.74,6.61,8172.85,68.55,-7.19,9.01,Low,C,A,High
110.3,55.92,7.04,8852.54,57.09,-7.26,9.85,High,C,B,Low
101.9,51.26,7.22,10373.21,51.76,7.43,11.36,High,C,A,Medium
119.4,59.84,10.47,9632.1,70.65,7.0,11.33,High,A,B,Low
86.0,40.07,4.71,5145.69,59.15,-5.54,10.63,High,B,B,Medium
93.4,46.52,8.08,5625.89,61.66,6.05,10.56,Low,A,C,Medium
92.2,43.15,4.86,7096.66,69.26,5.49,9.01,Low,C,C,Medium
70.7,35.69,4.22,2046.48,52.26,6.25,9.24,Medium,B,A,High
105.9,52.65,7.38,6786.51,64.47,6.62,10.58,Medium,B,A,Medium
105.2,60.6,9.7,7299.32,55.58,7.51,11.74,Medium,C,C,Medium
100.1,46.39,9.58,7424.29,59.01,5.15,9.82,Medium,B,C,Medium
95.3,46.27,5.58,5708.32,60.54,8.02,9.81,Medium,B,C,Low
71.7,31.85,3.67,3904.89,48.75,6.53,9.29,Low,C,B,High
91.6,57.38,7.51,4840.2,54.16,-7.97,9.77,Medium,B,C,Medium
93.1,38.22,7.66,4175.74,70.13,-8.01,9.46,Medium,B,B,High
84.0,42.54,3.79,3621.08,66.65,7.82,10.01,Medium,C,C,High
96.8,43.95,8.59,7701.3,59.53,-7.55,11.24,Medium,B,C,Medium
108.1,58.2,6.39,8121.14,61.82,-8.02,8.48,High,B,B,Low
137.7,66.41,16.97,17776.22,57.79,6.49,12.26,Medium,B,B,Medium
103.5,55.96,7.03,7022.1,70.17,-7.47,10.27,Medium,B,B,Medium
105.2,55.07,8.65,7474.65,58.5,7.07,9.22,Medium,C,C,Medium
98.5,41.6,6.33,9770.05,61.74,7.59,5.28,Medium,A,A,Medium
61.6,31.58,4.19,3152.96,68.6,4.43,9.3,Medium,A,B,High
99.5,48.87,7.54,7532.76,54.17,-8.27,9.51,Medium,B,C,Medium
101.2,47.12,7.51,7862.66,71.69,-6.75,10.74,Medium,C,C,Low
149.3,72.65,21.2,20788.61,48.52,9.44,12.65,High,C,B,Low
96.2,47.47,5.8,6078.25,72.22,5.68,10.51,Medium,B,B,Medium
106.0,51.56,9.05,7915.46,57.2,8.15,11.34,Medium,A,C,Medium
99.3,40.04,7.61,7378.6,58.18,-7.02,10.01,Medium,B,C,Low
76.6,38.54,6.02,4600.09,45.82,-5.32,10.3,Low,C,A,Medium
122.9,60.62,15.26,9851.96,56.59,7.78,10.19,High,C,B,Low
115.0,53.32,10.25,7476.08,52.2,-9.6,10.67,Medium,A,A,Low
115.8,53.49,6.76,10980.07,55.44,7.49,10.36,High,C,A,Low
81.8,36.16,4.04,5159.84,58.97,-5.55,9.55,Low,C,B,Low
128.1,61.47,12.98,11887.1,67.18,-8.72,11.64,Medium,C,A,Low
72.0,40.55,4.59,3587.87,61.56,-6.31,8.14,High,A,B,Medium
111.7,49.33,9.31,9580.53,62.31,-7.62,11.62,High,C,B,Low
143.8,76.49,16.98,15066.08,51.78,6.16,12.29,Medium,B,B,Low
80.2,38.88,6.62,6536.07,53.39,7.67,9.87,Low,A,B,High
88.7,47.35,4.33,3951.88,73.49,-7.38,10.32,Low,B,A,High
102.0,51.25,6.69,7464.45,54.49,7.55,12.01,Medium,B,C,High
89.9,43.65,5.04,6131.63,72.42,-6.77,7.95,Medium,A,A,Medium
69.0,33.21,3.36,2994.11,58.18,6.88,9.09,High,B,B,Medium
101.4,49.0,7.57,7513.31,60.02,-6.79,8.84,Medium,A,C,Low
78.8,32.92,3.89,6076.17,68.03,6.09,7.57,Low,B,A,Medium
109.5,52.92,8.1,6759.04,69.54,6.68,11.63,High,A,B,Low
81.6,41.78,5.61,4392.06,59.17,7.03,10.17,Low,C,A,Low
131.0,61.64,14.54,12626.13,57.09,6.59,8.93,High,C,B,Low
84.3,37.41,5.26,3786.21,59.58,7.01,7.02,Medium,B,A,High
93.6,51.69,4.33,7557.23,62.53,5.96,9.71,Medium,C,B,Medium
116.3,55.75,11.97,9484.4,66.68,8.63,10.54,High,A,B,Low
75.4,34.89,6.57,3915.93,60.03,6.27,9.38,Low,B,A,Low
104.5,53.46,7.86,6823.7,64.64,7.75,9.79,Low,C,C,Low
126.1,57.57,12.39,16534.39,72.29,-7.88,11.85,High,C,B,Medium
67.9,34.53,3.64,2879.71,62.86,4.42,10.42,Low,B,A,High
103.7,51.34,7.61,8767.66,62.34,-7.89,11.41,Medium,C,A,Medium
105.2,53.29,8.51,7508.76,48.61,7.79,10.24,Medium,C,B,High
115.6,57.76,8.02,9366.77,40.27,-7.47,11.76,High,B,B,Low
75.3,42.02,6.75,4364.39,62.91,7.08,8.75,Low,C,B,Medium
73.6,42.56,5.52,4151.31,59.29,-5.74,9.75,Medium,C,A,High
110.4,48.84,9.25,9282.61,56.14,-8.2,11.23,High,C,B,Low
105.9,56.36,10.62,9661.35,61.83,-7.91,9.43,High,C,C,Medium
105.0,56.47,8.41,6906.54,59.55,7.33,10.0,Medium,B,C,Medium
106.9,62.08,6.16,9016.73,68.46,-9.16,10.35,Medium,A,B,Medium
86.4,45.76,5.6,9070.05,60.65,-5.23,8.3,Low,A,A,High
104.6,57.61,7.79,8596.74,54.4,7.59,9.75,Medium,C,C,Low
105.9,46.36,10.07,9875.89,67.43,8.26,8.77,Medium,C,C,Medium
85.7,38.82,6.42,7071.03,58.37,-7.81,9.74,Medium,A,C,Medium
137.3,71.41,16.11,17546.28,63.95,-7.29,12.08,High,C,A,Low
109.5,45.73,9.38,8757.12,56.42,-5.61,11.64,High,A,A,Low
76.2,34.16,2.79,2527.99,55.13,5.11,9.21,Low,B,B,High
113.1,57.86,8.83,9132.28,60.63,-6.9,9.69,High,B,B,Low
80.5,50.25,6.56,4967.39,60.1,-6.34,7.38,Medium,B,C,Medium
115.7,48.71,9.78,9409.64,63.6,-8.84,9.83,High,B,B,Low
123.2,67.14,11.05,12529.77,57.99,-7.45,12.61,High,B,B,Low
83.6,48.37,3.73,5517.83,46.23,7.13,7.87,Medium,B,A,High
119.3,55.54,8.65,12935.26,56.75,-8.2,12.49,High,A,A,Low
108.3,44.37,10.14,11582.2,65.95,-6.42,9.5,High,C,B,Medium
116.4,52.68,11.4,10949.23,57.77,-8.96,11.13,High,A,B,Low
137.9,66.71,17.54,14796.25,58.15,-9.5,11.13,Low,B,A,Low
95.1,45.17,7.03,6542.31,67.4,-6.79,11.03,Low,C,C,Medium
84.9,39.05,4.81,5378.2,54.66,6.54,7.84,Low,C,A,High
82.2,38.07,3.79,5619.73,48.43,5.84,10.56,Low,B,B,High
83.7,40.72,5.44,4057.2,58.8,7.12,9.85,Low,B,A,Medium
98.5,48.81,7.61,8884.65,56.37,7.44,10.88,Medium,B,C,Medium
106.8,53.66,8.26,7303.35,52.75,7.99,11.91,Low,B,A,Medium
105.5,55.78,9.42,9751.96,58.68,-7.36,10.18,High,B,C,Medium
116.5,59.39,7.36,11602.23,63.69,8.12,8.97,Low,B,A,Low
100.3,56.9,9.68,9464.89,59.93,6.72,6.85,Medium,C,C,Medium
129.1,64.93,12.96,13967.03,62.3,9.68,11.28,Medium,B,B,Low
94.7,51.31,3.81,5142.22,73.6,6.23,8.51,High,B,B,Medium
154.4,81.62,21.93,18272.34,57.43,-7.1,12.24,High,C,B,High
112.5,55.54,9.76,8008.51,62.09,7.53,10.13,High,A,C,Low
82.9,35.86,5.74,4041.82,56.18,5.34,9.47,Medium,B,B,High
78.6,35.62,5.07,5275.44,53.65,7.36,8.64,Low,C,A,Medium
109.6,61.11,7.04,9479.34,55.61,-7.3,9.94,High,C,A,Low
95.5,51.72,9.85,7556.54,56.41,-6.23,10.35,High,A,A,Medium
114.3,53.38,7.68,7809.13,62.7,-6.58,10.76,High,B,A,Low
109.5,58.66,10.92,10873.99,77.62,7.67,10.52,High,B,C,Low
98.5,50.17,7.55,5808.74,54.63,-7.49,9.06,Medium,B,C,Medium
83.1,39.33,5.87,3689.58,56.88,-5.66,10.22,Medium,C,A,Low
69.7,38.72,3.21,1576.1,59.53,5.9,8.41,Low,B,C,High
91.1,45.11,8.42,6308.99,62.97,-6.2,7.27,Medium,B,C,Low
117.1,63.9,9.76,9271.17,61.98,5.93,9.69,Medium,B,B,Low
104.3,54.55,5.22,4980.45,69.63,-6.86,8.79,High,B,C,Medium
75.1,36.26,6.4,4244.51,41.8,5.62,8.64,Low,A,A,High
103.5,58.1,7.65,10211.29,42.1,8.52,9.85,Medium,A,C,Medium
107.7,52.09,9.55,11690.46,56.28,7.84,9.36,High,A,A,Low
82.3,41.24,4.59,3779.62,68.23,6.61,7.15,Medium,B,A,High
103.1,49.33,7.83,10715.63,48.26,-6.79,11.92,Medium,B,B,Medium
101.2,49.69,8.46,7959.71,37.44,-7.91,11.29,Medium,C,A,Medium
77.1,33.11,3.99,3428.64,64.28,-4.91,7.14,Low,C,A,High
107.2,53.08,6.0,8215.12,61.83,8.91,10.62,Medium,C,C,Medium
111.2,57.33,9.51,8598.3,51.82,7.77,11.16,High,B,B,Low
121.7,60.34,10.39,10991.06,52.61,-6.53,12.11,High,A,B,Medium
121.1,58.36,13.07,9137.32,52.73,7.33,11.5,High,A,B,Low
72.4,36.03,5.6,4258.29,60.83,-6.66,10.02,High,A,A,Low
81.2,40.46,4.42,5154.5,55.3,6.41,6.28,Low,B,A,High
110.3,57.96,7.0,10329.98,63.71,7.77,10.52,High,A,B,Low
110.3,57.79,8.58,7826.61,38.59,-7.74,10.56,High,C,A,Low
110.3,60.76,9.52,7729.52,53.57,-7.0,9.93,High,C,B,Low
177.1,81.53,34.51,25076.17,51.55,-9.16,12.56,High,A,B,Low
111.4,60.68,11.04,7519.17,58.08,6.67,9.62,High,C,A,Low
122.7,64.13,10.79,13776.01,55.96,8.25,10.06,High,A,A,Low
119.1,62.41,9.59,8173.75,65.98,-7.03,11.48,High,A,C,Low
113.0,52.93,10.22,7316.62,46.05,-7.38,10.91,Low,C,A,Low
93.7,48.03,7.17,5279.84,60.34,-5.92,8.85,Medium,C,C,Medium
115.2,52.6,9.64,7321.99,64.19,6.61,11.21,Medium,C,B,Low
84.5,44.97,6.04,6910.23,73.92,6.88,9.2,Low,C,A,Medium
95.3,46.52,6.81,7151.09,56.39,-7.84,9.34,Medium,A,A,Medium
90.3,48.49,3.15,6613.3,62.43,5.83,8.64,Medium,C,A,Medium
101.6,42.24,7.98,6515.94,46.47,6.62,11.71,Medium,C,C,Medium
146.3,77.9,19.15,19573.22,42.06,-9.31,11.49,High,B,B,Low
62.7,30.09,4.41,1717.54,66.34,-6.04,8.21,Medium,C,C,High
113.7,54.33,8.68,7653.94,59.96,7.37,9.98,High,C,B,Medium
67.7,32.22,4.13,2213.23,68.84,6.49,7.23,Medium,A,A,High
90.6,46.02,7.03,5363.31,49.7,-6.99,7.64,Medium,A,B,High
121.8,61.41,9.57,13197.32,63.9,-9.07,9.73,High,B,B,High
101.3,50.47,5.59,8691.79,74.02,-6.2,8.62,High,C,C,Low
78.4,39.81,5.64,2830.05,63.15,5.59,7.04,Low,C,A,Low
85.7,38.99,8.16,4134.91,62.07,-6.59,8.94,Low,C,B,Low
113.6,47.95,8.29,9783.57,60.06,-7.18,10.63,High,C,B,Low
85.4,44.93,6.48,5449.32,48.22,6.69,8.24,Low,C,A,High
104.3,57.64,6.95,11223.45,70.17,8.1,9.47,High,C,C,Medium
100.9,50.81,10.28,8966.66,55.42,-6.72,10.35,Medium,B,A,Medium
87.0,33.17,4.44,3169.05,63.78,-7.28,8.88,Low,C,A,High
142.9,74.65,19.11,19148.64,48.28,10.2,11.98,High,C,C,Low
112.7,49.78,8.5,9239.95,51.15,-7.35,11.39,High,C,A,Low
59.5,23.04,3.27,1313.06,70.76,-5.57,5.8,Low,B,B,Low
103.7,54.08,9.3,9804.85,57.4,7.97,10.13,Medium,C,C,Low
86.8,41.11,6.24,4935.01,70.9,-6.39,6.77,Medium,B,A,High
117.0,52.01,9.43,8903.39,59.41,7.97,12.23,High,A,B,Low
84.1,43.59,5.23,4767.5,46.19,8.48,9.76,Medium,C,B,High
97.7,49.67,6.24,3502.79,66.69,-7.21,9.85,Medium,B,C,Medium
110.1,57.38,6.28,11833.58,55.58,-7.67,9.35,Medium,A,C,Low
117.3,62.72,12.64,8767.24,65.24,7.75,10.46,Medium,B,C,Low
76.0,40.59,2.31,3895.14,60.19,7.02,8.35,Low,B,A,High
93.3,51.55,6.32,5181.15,48.43,5.63,10.76,High,A,A,Medium
90.5,45.11,7.37,5167.08,61.23,5.15,10.66,Medium,C,C,High
86.9,46.55,7.55,6075.47,76.47,-7.06,8.97,Low,C,A,Medium
135.3,66.72,15.24,14025.98,63.7,6.92,12.75,High,B,A,Low
108.1,60.27,7.4,11736.35,59.57,-7.69,10.9,High,A,B,Low
74.8,36.07,4.64,3006.95,68.07,-5.71,8.05,Low,C,B,High
118.4,55.84,8.55,10183.3,61.58,-8.41,11.75,Medium,B,B,Low
142.4,79.2,19.3,14934.33,61.57,-9.58,10.5,High,A,B,Low
120.6,58.83,11.18,9403.71,51.81,7.82,9.81,High,B,B,High
69.6,29.9,5.78,2662.37,61.75,-5.21,10.05,High,A,B,Medium
90.3,50.0,5.58,5490.96,67.77,-8.08,10.44,Low,C,B,Medium
125.3,55.98,11.02,13821.06,53.73,-7.26,13.08,High,C,C,Low
85.8,41.25,6.16,5880.87,70.68,7.21,10.07,Low,B,A,High
108.9,57.26,12.47,7080.41,59.31,8.14,9.67,High,C,B,Low
115.5,57.97,9.79,7870.3,53.34,-6.62,11.13,High,C,C,Low
81.5,38.5,4.49,4680.46,67.48,-4.62,8.5,Low,A,A,High
98.8,49.1,6.65,6960.94,57.85,-7.31,11.37,Medium,C,A,Medium
35.2,15.43,0.29,761.35,65.7,4.28,4.38,Low,A,B,Medium
79.5,43.44,6.4,3013.53,57.81,5.97,9.52,Low,A,A,Medium
94.9,46.8,5.73,5549.09,59.55,6.89,9.73,Medium,B,A,Medium
75.0,43.18,2.82,1947.14,63.7,7.35,8.77,Low,A,A,High
132.6,66.77,16.69,15587.64,62.18,-9.22,12.57,Medium,C,B,Low
71.4,39.31,3.72,3539.87,45.03,5.29,9.72,Low,A,A,Medium
91.2,48.54,6.9,5520.68,51.59,7.85,8.48,Medium,A,C,Medium
102.6,46.36,7.9,6775.53,66.97,-6.35,9.73,Medium,B,C,Medium
128.8,60.05,12.66,13361.96,59.01,-8.32,10.38,Medium,C,B,Low
71.3,33.2,4.84,4024.77,56.07,6.65,8.05,Medium,C,B,Low
123.3,66.0,12.71,10208.22,49.81,8.12,10.97,Low,C,A,Low
100.2,51.37,7.37,6287.12,51.9,-5.88,11.61,Medium,A,C,Medium
80.4,35.33,6.51,5311.97,44.84,6.4,9.26,Medium,C,B,High
109.2,54.05,10.41,6910.17,59.24,8.21,10.48,High,C,B,Low
104.0,42.71,7.05,6302.07,55.51,-5.1,8.06,Low,A,B,Medium
88.0,42.42,7.42,5168.81,52.75,-6.15,8.62,Medium,B,A,High
101.4,49.93,6.67,7351.92,59.49,-7.08,8.41,Medium,B,C,High
92.3,47.38,5.69,5292.63,62.73,7.37,8.96,High,A,C,Medium
102.3,50.6,10.15,8899.34,75.7,-7.44,10.79,Medium,B,C,Medium
113.2,57.23,10.58,9603.29,48.66,-5.61,10.53,High,B,B,Low
131.7,63.03,12.26,18055.27,68.7,8.26,11.27,High,B,B,Low
75.2,33.8,5.88,2815.02,67.3,5.92,9.7,Low,C,B,High
142.7,74.47,17.99,19730.39,54.16,-9.11,12.26,High,B,A,Low
61.0,35.8,2.74,1130.99,61.52,-4.64,8.07,Low,C,B,Medium
97.0,55.83,5.86,7169.23,56.57,-6.27,8.05,Low,B,C,Medium
111.8,53.85,9.7,9702.65,61.39,7.08,12.38,Low,C,B,Low
105.6,57.22,9.1,9171.37,71.32,7.73,9.03,Medium,A,B,Medium
87.5,52.38,3.77,5611.2,64.54,-7.82,10.31,Medium,A,A,High
95.8,46.36,4.36,4789.41,63.81,7.07,11.1,Medium,B,C,Medium
90.1,35.1,4.7,9127.89,56.77,7.08,8.16,Low,C,B,High
88.2,44.13,5.72,3936.51,48.87,8.01,8.58,Low,A,A,Medium
117.0,55.14,11.51,9844.66,58.44,7.03,9.59,High,A,B,Low
107.1,53.24,9.69,10411.73,69.05,-8.34,9.55,High,A,B,Medium
86.1,43.47,4.87,6393.5,48.55,-7.28,6.7,Low,A,B,Low
118.0,55.32,10.0,7964.77,52.09,6.61,10.34,High,B,B,Low
106.1,54.23,6.39,9781.04,60.95,8.35,10.45,Medium,C,C,Medium
116.3,57.06,9.32,12257.75,52.62,8.86,10.46,High,A,B,Low
112.6,55.01,11.61,7790.99,54.06,-7.25,9.37,High,B,B,Low
83.4,44.38,3.83,4309.13,56.82,7.44,9.95,Medium,A,A,Medium
88.8,40.43,7.3,6640.19,49.76,6.77,10.09,Low,A,A,High
114.9,58.17,10.5,9637.26,52.69,-7.66,11.01,High,A,B,High
112.2,59.13,9.08,11155.28,65.28,-7.76,12.42,Medium,A,B,Low
99.6,47.64,4.53,5708.59,50.19,6.81,9.84,Medium,B,C,High
102.3,54.77,3.39,6184.77,48.02,5.92,11.84,Low,C,C,Medium
125.6,62.66,11.47,11276.5,55.27,-7.71,11.16,High,B,B,Low
88.2,44.12,6.09,4928.45,65.49,6.61,8.42,Low,B,A,High
110.9,51.13,8.45,6642.28,58.52,-6.85,10.98,Medium,B,B,Low
96.0,46.08,5.57,6554.31,56.52,-6.85,7.9,Medium,A,C,Medium
95.6,47.92,7.22,8160.91,60.33,6.79,11.17,High,C,C,Medium
122.0,57.72,8.95,10668.79,46.91,7.11,9.91,High,A,A,Low
116.5,52.69,9.96,7123.82,63.71,7.69,10.15,High,B,B,High
116.3,55.9,9.53,12010.24,62.88,8.22,12.27,High,A,A,Low
126.1,63.01,11.52,13012.78,56.93,-8.86,8.48,High,C,B,Low
100.4,55.46,6.86,6724.86,67.54,7.16,10.08,Medium,C,B,Medium
113.6,61.08,8.53,9817.06,51.54,-7.35,11.45,High,A,C,Low
93.8,48.12,7.39,7542.85,68.46,-7.42,11.04,Medium,B,B,Low
106.5,55.68,9.19,6770.67,61.16,-7.77,10.53,Medium,A,C,High
97.4,49.45,8.55,4016.11,57.48,-6.79,10.0,Medium,B,C,Low
101.9,50.74,7.07,7281.49,59.85,-8.05,9.99,Medium,C,C,Medium
111.9,53.83,8.28,10881.93,59.2,-7.2,10.86,High,A,B,Low
83.6,42.1,4.69,6615.72,69.15,-7.18,8.42,Low,C,B,High
141.8,68.98,14.72,15558.16,51.92,-7.57,12.23,Medium,B,C,Low
79.9,39.68,4.95,3116.75,54.28,8.19,10.89,Low,B,B,High
75.7,45.76,3.61,3228.5,67.77,-6.84,8.87,Low,A,B,High
123.2,65.34,13.27,11703.33,55.53,-7.42,13.06,Medium,A,B,Low
115.8,58.49,10.68,11165.15,66.75,7.03,10.43,Medium,A,A,Low
112.5,61.08,8.51,11329.08,72.75,8.33,11.49,High,C,B,Low
112.6,53.88,8.31,8230.47,56.99,6.49,10.45,High,B,B,Medium
99.8,43.75,7.76,5969.44,65.11,-6.68,8.57,Medium,B,C,High
82.1,36.15,5.26,6356.86,51.35,5.71,10.05,Medium,C,A,High
101.5,51.61,9.74,5399.22,65.66,-7.29,8.96,Medium,A,C,Medium
86.5,37.27,6.14,4455.48,61.5,-7.4,9.75,Low,A,B,High
119.5,59.16,9.67,8653.78,63.55,-7.07,9.19,High,C,A,Low
97.1,49.88,6.16,8660.96,55.16,6.3,10.22,Medium,B,C,Medium
83.5,44.2,4.61,6350.47,47.54,-6.02,10.01,Medium,B,C,High
93.6,48.0,6.43,6367.06,63.77,-7.12,8.93,Medium,B,C,Medium
108.3,55.68,8.71,7945.19,44.52,-7.45,10.82,High,B,B,Low
88.7,43.68,6.82,3480.45,57.62,6.78,10.27,Medium,C,A,High
83.6,41.14,4.34,3939.54,67.06,5.85,9.65,Low,B,C,Medium
104.9,52.42,7.56,8438.95,61.44,-7.07,10.28,Medium,C,C,Medium
104.9,50.7,7.46,9665.95,74.61,8.47,8.83,Medium,A,C,Medium
89.9,40.17,6.77,4195.82,67.69,6.08,11.34,Low,C,A,High
90.6,41.49,9.13,6970.55,55.1,7.67,9.49,Low,B,A,Medium
104.6,58.26,6.57,5819.79,60.2,-6.03,9.6,High,A,C,Low
71.0,45.73,4.81,3407.09,59.64,5.31,8.2,Low,C,A,High
71.9,32.19,5.42,1919.14,48.13,-7.16,6.76,High,C,B,High
85.6,48.28,4.57,4233.31,52.95,6.78,9.33,Medium,C,B,High
95.7,48.76,7.33,6700.15,55.79,-7.36,9.97,Medium,A,C,High
106.2,57.79,6.88,9115.9,44.73,-5.79,9.71,Medium,C,C,Medium
129.5,71.96,12.47,13759.89,60.36,-8.02,11.29,Medium,B,B,Low
117.2,56.41,9.46,9730.05,58.13,7.01,11.18,High,A,C,Low
96.8,45.36,8.84,6588.33,47.45,-7.87,9.3,Medium,A,C,Medium
99.6,52.12,5.64,8008.27,63.03,7.93,10.61,Medium,C,C,Medium
79.9,50.34,4.58,4396.7,65.37,-6.78,9.6,Low,B,B,High
99.6,52.0,7.85,7053.55,61.7,7.09,10.5,Medium,A,C,Medium
94.2,45.55,6.38,9347.5,57.57,7.63,8.2,Medium,C,C,Medium
106.5,59.14,10.89,7690.83,64.44,6.91,13.07,Medium,B,C,Low
83.5,40.99,4.74,5850.58,65.1,6.42,8.69,Low,C,A,High
110.4,55.25,10.54,10992.32,62.31,7.42,10.47,Low,C,B,Low
130.7,63.01,15.53,16767.92,53.82,-7.54,12.82,High,A,A,High
97.8,48.43,9.21,9513.02,62.07,7.47,9.57,High,A,B,Medium
108.0,57.91,7.12,10846.99,68.97,-7.53,9.93,High,C,A,Low
113.8,52.12,10.62,10944.69,55.53,7.59,10.1,Medium,A,C,Medium
92.0,46.62,4.15,3715.98,75.73,6.48,12.04,Medium,A,B,Medium
104.5,52.35,8.83,8797.33,56.06,-8.41,8.78,High,B,A,Medium
100.3,53.86,9.82,7021.48,60.24,-6.87,10.72,Medium,B,A,Medium
102.0,52.75,9.25,7000.6,54.96,-5.63,9.39,Medium,C,C,Medium
84.5,45.81,3.69,4687.47,61.67,5.79,8.35,Low,C,A,High
100.5,50.94,7.68,7417.56,46.93,6.47,10.86,Medium,C,C,Medium
110.0,48.13,9.79,10974.95,55.9,6.72,9.84,Medium,C,A,High
129.0,70.0,12.98,10429.57,51.81,8.61,11.69,High,B,B,Low
119.2,66.05,10.14,7986.35,61.02,8.08,12.67,High,A,C,Low
143.1,65.65,15.92,20124.67,67.46,-8.58,10.94,High,B,C,Low
84.7,43.16,3.41,6091.82,64.85,-7.24,10.01,Low,C,A,High
117.4,61.4,10.98,10970.65,42.21,7.74,11.6,Low,C,B,Low
103.7,47.67,9.81,9326.93,75.32,5.95,10.57,Medium,B,C,Low
143.8,74.32,18.32,15536.91,62.21,8.59,11.76,High,B,B,Low
83.8,34.61,4.98,5595.92,54.18,-5.78,9.22,Medium,C,A,High
83.2,38.89,6.63,2545.41,61.18,-7.45,8.5,Low,A,A,High
88.0,45.96,7.15,4000.52,61.32,-7.86,10.71,Low,C,B,High
57.5,20.13,2.68,1662.93,55.0,-4.1,8.51,Low,B,A,High
89.5,47.17,6.06,4364.4,61.48,-7.18,9.58,Low,C,A,High
84.8,39.44,5.41,3690.44,55.44,7.42,6.85,Medium,C,A,High
103.0,50.31,8.91,8580.73,56.97,-7.3,10.26,Medium,A,C,Medium
106.8,48.21,8.79,9707.79,54.85,7.18,9.23,Medium,C,C,Medium
137.5,62.52,16.94,14855.38,49.25,-7.94,11.69,High,C,B,Low
119.0,59.38,9.56,9397.96,61.09,7.01,11.34,High,C,B,Low
88.5,47.24,4.42,5230.42,64.39,-6.54,9.66,Low,B,A,High
82.0,39.18,7.74,6394.09,63.86,-6.71,9.24,Medium,B,A,Medium
109.8,57.63,10.3,10286.33,66.15,-8.47,9.89,High,A,B,Medium
73.6,28.74,6.45,3504.87,62.43,6.34,6.79,Low,C,C,Medium
136.6,67.77,16.28,14944.97,56.0,8.05,11.38,Medium,B,C,Medium
123.6,63.26,11.96,8540.34,66.3,-7.99,9.99,High,A,B,Low
90.6,44.57,8.15,7565.8,49.82,-7.7,10.48,Low,C,A,High
65.7,38.26,5.01,2170.77,53.24,7.01,8.6,Low,A,A,High
127.1,67.43,14.1,9973.36,52.77,-7.27,11.9,High,A,B,Low
97.7,44.05,6.77,4106.67,68.1,-6.22,9.56,Medium,A,C,Medium
124.8,65.01,12.03,12785.36,67.07,7.65,11.49,High,A,B,Low
68.1,38.24,4.92,2409.02,63.65,4.45,7.32,High,A,B,High
88.0,41.86,5.57,4670.42,68.04,-5.07,10.33,Low,A,B,High
100.1,45.31,8.17,6972.57,53.41,-7.12,9.96,Medium,A,A,Medium
100.9,47.59,7.91,7525.59,62.61,6.51,9.34,Medium,C,A,Medium
91.0,41.52,3.83,5245.19,59.06,-6.41,11.5,Low,C,A,Medium
112.5,59.26,7.6,13976.3,66.35,-6.56,8.37,High,A,B,Low
78.6,45.01,6.64,3370.34,59.14,6.25,9.18,High,C,A,High
97.2,42.57,5.82,6580.09,57.11,7.99,11.73,Low,A,C,Medium
102.4,52.49,6.62,7962.03,64.06,-6.29,9.96,Medium,C,C,Medium
110.3,56.15,10.68,6162.96,66.57,6.56,10.47,High,B,B,Low
114.2,51.8,8.68,10976.07,54.99,7.02,10.76,High,A,A,Medium
77.5,36.53,2.56,4331.27,59.54,-5.46,7.59,Low,B,A,Medium
69.3,32.84,5.57,1443.01,52.06,3.72,7.37,Medium,A,B,High
125.6,54.12,13.6,13777.23,41.26,-8.04,10.94,High,A,B,Low
106.6,55.9,7.01,9246.21,61.5,-8.45,9.88,Medium,B,C,Low
85.0,38.8,5.1,5074.55,64.57,6.14,9.33,High,B,B,Medium
131.0,65.28,12.97,11909.14,61.97,-8.33,9.77,High,B,B,Low
102.3,50.08,7.26,7328.99,45.38,-7.44,11.48,Low,A,C,Medium
123.6,55.68,11.3,14205.18,57.37,-8.3,10.99,High,B,B,Medium
101.4,48.64,9.45,8229.06,43.36,-8.0,10.0,Medium,B,C,Medium
141.2,68.45,15.38,17212.2,70.27,10.24,11.18,High,C,B,Low
135.1,63.26,13.27,14578.15,51.85,9.71,12.33,High,C,B,Low
95.0,48.97,7.01,5856.66,69.42,5.96,11.4,Medium,B,C,Medium
119.4,63.07,10.96,10201.43,67.09,-6.46,10.78,High,B,B,Low
112.9,60.63,11.71,12649.68,53.25,-7.83,10.36,High,B,B,Low
127.4,71.55,12.05,10742.97,51.5,-7.88,9.88,Medium,B,B,Low
80.7,32.13,4.22,4048.84,62.63,-6.4,10.3,High,C,B,High
113.7,61.27,9.81,7633.14,53.67,-8.07,9.52,High,A,C,Medium
121.2,61.47,9.71,10511.59,60.77,8.57,8.59,High,B,B,Low
64.8,33.52,4.12,1664.18,56.38,5.79,8.51,Medium,B,A,High
76.3,36.94,3.81,3307.3,46.64,5.8,10.11,Low,C,A,High
59.2,26.34,4.7,1100.67,43.27,-6.48,8.21,Low,B,B,Medium
94.6,43.86,6.67,5674.52,61.7,6.16,9.71,Medium,B,C,Low
114.4,59.51,10.09,10030.77,55.79,-8.87,10.15,High,C,A,Low
130.0,65.69,13.16,9295.5,55.85,-8.05,11.91,High,B,A,Low
101.5,49.61,8.13,6271.34,65.22,6.17,8.39,High,B,C,Medium
132.6,67.28,14.36,12739.1,68.8,7.93,12.44,Medium,C,A,Low
72.4,29.77,3.1,4605.48,57.96,-4.92,10.35,Low,A,A,High
65.9,31.0,4.35,3781.82,57.45,-4.78,6.62,Low,B,B,Low
98.9,46.51,9.48,6640.42,63.75,-7.06,12.02,Low,B,A,Low
107.7,51.19,6.17,8370.06,49.82,7.27,10.57,Medium,A,A,Medium
99.3,44.98,5.36,7989.13,61.67,-5.54,6.08,Medium,C,C,Medium
58.7,28.6,5.04,1805.83,64.14,5.83,7.67,Low,A,B,Medium
98.2,54.3,6.16,4926.76,65.1,-7.27,10.98,Low,B,C,Low
73.9,35.36,5.09,2831.12,45.47,-7.22,8.66,Low,A,A,High
113.4,59.3,9.29,11610.0,54.29,-7.21,10.7,High,C,B,Low
107.3,55.78,8.14,8694.88,53.41,7.99,10.2,Medium,B,C,Medium
81.2,38.26,5.4,5300.3,60.75,-6.88,8.24,High,C,A,High
89.7,39.91,7.11,6068.69,63.61,6.93,10.51,Medium,C,A,High
78.8,39.32,5.8,4516.83,71.23,5.99,6.71,Low,A,A,Low
98.7,48.14,8.49,7684.82,56.29,6.88,9.69,Low,A,C,Medium
119.1,52.74,11.99,13086.21,56.27,5.73,10.23,High,C,C,Low
80.3,39.18,5.08,4399.97,68.62,6.16,9.64,High,C,B,Medium
110.1,44.63,10.04,9935.69,62.22,8.19,9.18,High,B,B,Low
89.4,42.44,5.02,9685.77,69.51,6.18,9.72,Low,C,A,High
84.1,49.11,3.3,2736.14,62.17,-6.44,8.87,High,C,B,High
97.9,45.92,7.89,5465.86,51.32,-7.6,10.79,Medium,A,C,Medium
79.3,38.12,4.55,4540.17,50.0,-6.01,9.96,Medium,C,A,High
88.9,39.3,5.22,5442.41,48.36,-6.84,8.67,High,C,B,Medium
76.0,35.33,3.92,4991.42,64.97,-6.92,9.21,Low,A,B,High
139.3,70.2,16.11,12185.86,68.91,9.41,12.5,High,B,B,Low
100.7,55.25,6.45,4920.67,73.87,-6.35,10.66,Medium,A,C,Medium
86.0,43.84,4.91,4860.96,66.32,-7.04,8.49,High,A,A,High
104.3,55.54,9.78,6542.65,68.72,7.62,10.81,Medium,C,C,Medium
97.8,51.2,5.85,6612.31,55.65,-6.56,10.01,High,C,A,Medium
95.6,45.44,5.52,8379.89,51.33,-6.4,9.76,Low,B,C,Low
112.3,49.46,10.52,10132.49,66.38,-8.85,12.27,High,C,B,Low
115.2,56.0,9.95,9814.54,63.13,-6.78,12.02,High,B,B,Medium
89.4,49.48,5.02,6102.31,60.81,-7.14,9.09,Low,B,A,Medium
88.5,42.46,6.16,5666.57,62.91,6.37,10.16,Low,B,A,Low
94.5,42.46,5.12,6439.81,62.42,8.98,8.57,Medium,B,C,Medium
54.0,29.42,-0.37,1570.12,69.63,-4.95,5.88,Low,C,A,High
69.7,35.38,5.13,2944.98,69.71,-6.21,7.44,Low,A,A,Low
127.3,63.61,14.7,14649.34,64.08,-9.74,9.54,High,A,C,Low
132.9,69.59,13.84,15321.21,66.34,9.26,11.6,High,C,B,Medium
95.0,44.92,5.68,8199.82,63.86,-7.97,9.06,Low,C,C,Low
111.5,56.25,9.63,7834.56,56.54,-8.27,11.1,Medium,B,A,Low
106.2,51.43,6.33,11770.36,65.67,7.02,7.56,Medium,C,A,Medium
161.6,84.34,27.19,18801.39,49.54,-7.86,11.04,High,A,B,Low
122.4,62.95,10.59,9220.5,67.9,-7.2,11.05,Medium,C,B,Low
97.4,45.83,7.87,7211.33,51.04,-7.11,9.47,Medium,C,C,Low
80.9,41.94,2.63,7609.93,62.14,6.61,7.33,Medium,B,A,High
67.9,27.03,1.1,3117.42,53.66,5.35,8.42,Medium,B,A,High
104.1,53.63,9.09,8027.37,64.15,7.33,10.83,Medium,B,C,Medium
84.9,41.54,6.23,6108.97,59.75,-6.46,8.21,Low,B,C,Low
71.6,32.05,2.98,3694.17,48.04,6.76,8.37,Medium,A,A,High
87.1,49.21,6.25,3542.74,63.16,7.37,9.13,Low,C,A,High
78.4,46.23,4.86,3354.34,55.67,6.65,9.75,Medium,C,A,High
133.7,72.97,14.47,15957.82,66.61,-8.47,12.97,High,B,C,Low
117.6,53.77,13.2,13394.15,60.01,8.26,10.63,High,A,B,Low
99.8,52.13,7.38,7660.12,62.97,-7.14,9.04,Medium,A,C,Medium
129.6,54.57,14.32,13537.14,52.82,-8.92,11.58,High,C,A,Low
101.5,53.03,8.31,6802.71,55.58,6.8,8.53,Medium,B,A,Medium
82.8,40.65,3.21,5207.63,56.56,-6.37,9.84,Low,C,A,High
130.5,59.06,15.35,12380.61,66.43,8.8,12.31,Medium,C,C,Low
110.8,47.36,8.03,6385.6,72.58,-7.59,10.59,High,A,B,Low
79.3,31.38,5.27,3314.07,53.96,5.33,8.99,High,A,B,High
96.2,43.26,7.24,6656.53,68.08,6.98,8.99,Medium,C,A,Medium
82.5,37.15,4.1,4759.55,43.73,6.51,9.9,Low,B,C,Medium
72.3,33.8,3.77,3632.32,51.04,-5.87,6.71,High,B,B,High
118.5,56.15,9.9,8806.38,52.81,-6.96,8.9,High,C,B,Low
138.2,71.3,14.5,16469.18,49.86,9.13,11.79,High,C,C,Low
72.0,39.29,4.69,3210.11,48.12,-6.48,6.86,Low,B,A,Medium
111.3,55.64,10.11,9185.22,63.1,6.97,11.51,High,B,B,Low
87.0,44.17,7.22,5791.48,58.39,5.76,8.09,Low,B,A,High
90.3,46.94,7.24,7484.28,62.85,-6.16,8.33,Medium,C,C,Medium
88.2,41.29,1.7,4970.78,65.18,-5.48,8.42,Low,A,C,Medium
82.7,37.54,3.49,4654.03,61.99,-6.68,9.11,Low,B,A,High
101.0,50.13,9.43,6702.44,64.93,6.91,12.65,Medium,B,C,Medium
83.4,35.78,7.15,5293.51,59.48,-5.28,9.81,Low,B,B,High
105.4,57.27,7.56,6463.9,51.1,-6.86,10.86,Medium,C,C,Medium
99.0,50.27,6.48,8314.66,67.93,-6.69,10.89,Medium,A,B,Medium
95.2,50.48,5.95,4380.1,55.58,5.95,9.63,High,A,C,Medium
81.8,48.39,5.5,6590.09,52.98,-5.85,9.5,Medium,B,B,High
88.5,44.56,6.04,4885.93,58.67,-7.39,10.24,High,C,A,Medium
115.1,58.04,9.54,9256.23,53.15,6.68,11.67,High,A,B,Medium
110.0,48.96,8.91,10310.76,56.87,7.14,11.15,Low,C,B,Low
80.4,37.7,8.1,3840.14,62.58,5.87,7.62,Low,A,A,High
102.0,55.09,8.01,5851.42,62.61,-7.32,10.73,High,B,C,Medium
115.0,50.1,11.17,13972.58,53.27,-8.74,11.19,High,C,A,Low
66.6,28.42,3.54,2255.24,56.34,6.54,8.7,Medium,B,C,Medium
110.9,53.11,5.0,13528.49,68.06,-6.54,10.2,High,A,B,Low
86.7,44.28,5.15,6346.67,63.72,5.03,8.81,Low,A,A,Medium
111.4,59.54,9.72,6897.77,75.56,8.25,13.13,High,B,B,Low
84.7,43.86,4.15,5551.06,68.85,-7.16,8.02,Low,A,B,Medium
63.9,27.6,2.91,3425.55,68.58,6.34,5.93,Low,B,B,High
67.4,26.19,3.27,2923.81,49.59,5.75,9.4,High,B,A,High
101.0,44.31,6.68,4761.67,65.73,-7.08,10.97,Medium,B,B,Medium
105.2,54.55,5.32,11070.04,59.6,7.1,10.69,Medium,A,C,Medium
81.9,45.44,6.73,5705.45,55.87,-5.43,9.85,Low,C,A,High
112.8,55.82,8.88,7309.04,61.26,-8.5,10.41,High,B,B,Low
66.8,40.46,5.1,1334.91,67.09,-5.29,10.28,Medium,C,A,Medium
98.7,48.05,6.42,7144.74,63.76,7.91,11.0,Medium,A,C,Medium
75.8,38.48,5.84,5032.47,53.41,6.73,6.71,Medium,A,B,Medium
87.0,45.35,6.28,3000.56,65.57,8.45,10.27,Low,C,C,High
100.9,56.85,7.94,5310.55,55.22,-7.53,8.72,High,B,C,Medium
82.8,39.34,3.87,3871.87,61.63,7.2,8.7,Medium,A,A,High
92.3,48.29,5.05,7051.06,57.72,-6.88,11.34,Medium,B,A,Medium
120.1,64.74,12.79,11136.14,58.36,8.74,10.36,Medium,B,B,Medium
88.5,55.72,5.79,5591.62,65.75,-6.66,9.53,High,C,A,High
116.7,58.47,11.32,9801.17,52.2,-7.95,11.22,High,A,C,Low
77.4,31.61,6.46,2551.02,74.59,-5.18,8.52,Medium,C,B,Medium
110.6,48.65,9.44,7811.88,46.34,7.04,10.06,High,A,B,Low
128.8,66.24,13.58,15046.91,55.52,-9.16,10.71,High,C,B,Low
50.6,27.69,-0.65,589.51,62.78,4.61,5.2,Medium,A,A,Medium
84.1,40.16,4.77,4421.51,64.38,-5.99,8.71,Low,A,A,Medium
111.5,59.76,11.24,8264.17,59.25,-6.35,11.79,Medium,A,A,Low
95.9,46.76,7.6,4749.06,59.57,-6.84,10.27,Medium,B,C,Medium
107.4,50.65,7.14,10309.94,63.08,8.38,6.97,Medium,B,B,Medium
87.9,39.05,2.88,5360.3,58.27,5.54,8.57,Medium,C,A,Medium
101.7,51.27,9.87,8297.34,70.45,-7.49,7.37,Medium,C,A,Medium
96.9,49.26,9.57,8976.22,66.3,-7.19,8.31,Medium,A,B,High
123.4,65.19,9.17,11132.91,66.55,-7.95,10.89,Medium,A,A,Low
105.1,55.85,7.64,4829.37,52.75,7.32,9.95,Medium,B,C,Medium
106.8,54.28,9.67,11414.93,59.4,-6.75,10.37,Medium,B,C,Low
91.8,44.41,5.52,5933.18,57.75,6.42,11.25,Medium,B,C,Medium
90.2,41.47,9.77,4899.36,52.46,6.83,9.48,High,C,B,High
91.3,48.89,6.21,5676.05,62.7,-6.79,8.19,Medium,B,C,Medium
107.9,47.97,8.19,8801.57,55.97,-8.09,10.95,High,C,A,Low
91.6,46.87,4.95,7609.75,64.92,6.68,9.13,Medium,B,C,Medium
105.8,52.98,9.72,7900.84,51.97,7.16,9.42,Medium,B,B,High
141.5,73.74,16.83,17612.87,72.89,-8.54,12.64,Medium,A,B,Low
117.4,68.41,11.76,14491.31,53.28,-7.64,11.24,High,C,C,Low
93.5,43.2,6.13,4717.47,61.64,-6.78,10.67,Medium,B,C,High
124.0,59.06,13.2,10234.46,65.94,-8.22,11.85,Medium,A,B,Low
91.8,47.04,6.85,5839.23,55.72,-5.76,10.84,Medium,C,C,Medium
59.2,29.35,4.66,1794.29,66.39,-6.38,8.79,High,C,B,Medium
79.8,37.86,4.03,3139.23,50.78,5.74,7.17,Medium,B,A,Medium
62.6,37.54,2.29,2092.57,70.89,-3.37,8.99,Medium,C,A,Medium
93.0,48.6,6.75,4978.26,60.11,-7.65,9.51,Low,A,C,Medium
100.4,47.01,7.39,7710.2,55.53,-8.17,10.51,Medium,A,C,Medium
133.5,71.78,16.48,11614.48,57.76,8.76,10.49,High,C,B,Low
106.5,52.1,8.84,7904.65,66.07,5.64,8.96,Medium,A,C,Medium
95.6,53.24,6.84,6245.23,55.62,-7.1,8.85,Medium,C,A,Medium
116.6,56.43,6.63,12544.59,54.38,-5.92,10.51,High,A,A,Low
55.8,28.03,4.61,1476.42,58.34,4.05,7.77,Low,C,A,High
104.7,58.82,6.07,9318.88,51.17,-8.82,11.34,Medium,C,B,Medium
115.4,53.05,8.66,11162.18,73.65,-8.8,8.75,High,C,B,Low
70.4,38.15,3.7,3858.19,55.75,-5.22,9.25,Low,A,B,Medium
122.9,64.68,9.21,13599.81,66.24,-6.94,10.47,High,C,B,High
106.8,52.58,7.94,5527.45,61.57,-7.72,9.25,Medium,C,C,Medium
91.7,41.25,5.71,4326.65,52.62,7.32,10.14,High,B,C,Medium
112.7,60.39,9.59,6709.02,59.96,8.62,9.59,Medium,B,C,Low
145.4,72.46,16.61,19723.84,65.88,-7.1,11.41,Medium,C,B,Low
103.6,50.1,6.41,7753.34,58.59,7.0,8.31,Medium,B,C,Medium
105.0,49.71,9.04,10114.56,68.95,-9.09,10.69,Medium,C,C,High
90.8,44.7,8.0,6645.1,67.66,-7.4,10.79,High,B,A,Low
83.0,42.97,5.54,5705.05,66.89,6.1,9.65,Low,A,A,Medium
116.6,61.61,11.42,8361.66,56.55,7.43,10.6,High,A,A,Low
82.9,41.09,5.34,5059.11,51.9,-6.59,9.04,Low,C,A,High
101.4,55.0,5.87,6032.72,55.4,-6.23,10.45,Medium,C,A,Medium
90.4,56.91,6.74,4969.27,61.47,7.74,11.34,Low,A,A,Medium
109.6,53.04,9.01,5728.94,64.09,7.26,10.01,High,A,B,Low
106.7,49.72,8.36,10775.41,43.71,8.18,8.2,Medium,B,B,Medium
120.8,69.83,10.0,9105.95,59.94,-7.48,10.56,High,C,B,Low
89.8,48.94,9.17,4277.01,61.19,-6.65,8.81,High,A,A,High
94.6,44.82,7.48,7670.99,57.92,-6.15,9.12,Medium,A,C,High
80.4,31.98,4.7,3267.98,69.68,-6.28,8.51,Medium,C,C,Low
91.1,45.47,4.51,5381.36,63.16,8.4,8.51,Medium,B,C,Low
107.5,56.69,9.28,8913.5,69.83,-8.48,9.98,Medium,B,C,Medium
115.1,58.3,12.63,11426.76,58.38,-8.0,11.02,High,B,B,Low
81.6,35.28,4.24,5249.49,67.03,6.28,9.87,High,B,B,High
117.4,61.28,11.35,7324.56,72.26,-7.31,11.06,High,A,B,Low
127.1,66.75,14.37,12568.01,69.84,-6.96,10.99,High,C,B,Low
108.3,56.07,9.59,7543.83,51.81,7.34,10.7,High,C,B,Low
137.5,72.58,15.91,16646.49,58.1,7.15,11.46,High,A,B,Low
84.5,41.77,6.27,5763.7,57.41,7.17,8.7,Medium,A,B,High
75.1,31.05,7.58,2624.99,63.67,-5.52,7.64,Low,A,B,High
64.4,30.92,2.37,3659.3,65.15,4.12,6.23,Low,C,A,Medium
129.9,65.97,11.66,14000.96,53.71,8.06,11.33,High,C,B,Low
113.1,57.71,8.69,9566.46,60.51,-8.79,11.8,Low,C,A,Medium
98.9,55.7,8.82,6884.86,44.85,-7.56,10.29,Medium,B,C,Medium
105.6,49.27,8.55,8476.51,70.81,6.54,10.23,Medium,A,C,Medium
77.5,39.06,4.72,3509.91,56.16,-5.58,10.69,Low,A,A,Medium
148.9,75.18,18.82,16443.86,60.42,8.72,11.01,High,A,B,Low
102.6,38.52,6.85,6652.1,57.68,-8.19,9.99,High,C,C,Medium
102.2,49.9,8.75,9076.66,68.6,-6.44,9.72,Medium,A,B,High
114.5,60.26,9.76,10372.49,38.72,-8.71,9.34,High,A,B,Low
109.6,56.52,8.32,7194.96,59.88,7.67,11.06,High,B,B,Low
104.5,47.65,6.04,6747.24,59.21,-7.88,9.64,Medium,C,C,Medium
84.2,41.64,4.4,6471.87,56.6,6.2,9.29,Medium,A,A,Low
109.4,60.47,7.82,8380.9,72.95,7.8,10.64,High,C,C,Low
137.6,65.14,15.57,19282.64,53.35,8.71,12.37,High,C,B,Low
126.9,66.13,10.68,12437.5,65.79,9.04,9.67,High,C,B,Low
131.9,58.44,13.4,10262.1,62.67,8.05,11.81,High,B,A,Low
89.8,40.57,7.23,6814.24,69.46,-6.45,8.71,Low,C,B,High
80.2,41.89,3.01,5191.11,55.0,5.98,10.85,Medium,C,B,Medium
97.5,43.62,6.05,5809.37,54.5,7.13,8.6,Medium,C,A,Medium
101.1,50.29,8.18,9754.62,68.22,-6.76,8.95,Medium,A,C,Medium
121.9,57.53,12.12,12560.23,63.19,-7.89,10.95,Medium,B,B,Low
66.2,31.14,3.34,2139.98,48.41,4.31,8.41,Low,A,B,High
130.6,68.68,12.98,14590.74,55.96,-7.82,11.07,High,B,B,Low
96.8,50.99,6.66,7018.22,62.9,7.25,7.15,Medium,B,C,Medium
91.5,41.61,5.79,4950.54,66.28,-7.31,11.26,Medium,C,B,Medium
79.8,41.22,2.55,3757.84,54.91,-7.34,8.01,Medium,C,C,Medium
66.9,35.07,2.31,2471.58,38.14,6.96,9.23,Low,A,B,Medium
116.5,62.05,10.0,10866.86,63.92,-7.24,10.81,Low,B,B,Low
101.5,49.04,6.29,6960.87,50.85,-7.31,10.32,High,C,C,High
74.2,28.85,5.86,3625.89,44.87,5.18,9.1,Low,C,A,High
74.1,41.32,3.84,3063.0,38.76,-6.74,8.62,High,C,C,Medium
93.3,46.55,3.93,6783.03,66.1,7.87,10.77,Medium,C,A,Medium
133.4,61.04,14.71,14370.61,60.96,8.28,10.62,High,A,B,Low
94.8,47.72,7.85,7730.95,58.31,6.44,11.43,Medium,A,B,Low
69.9,33.16,4.96,3049.71,70.42,-5.51,7.69,Low,C,A,High
95.1,51.79,8.22,7523.02,64.78,-7.55,10.08,Medium,C,C,Medium
94.5,45.56,7.72,7864.27,72.12,8.08,10.86,Medium,C,C,Medium
46.1,23.78,3.03,837.6,49.55,5.88,6.48,Medium,C,B,High
98.9,45.51,9.2,6751.85,59.74,6.66,11.4,Medium,C,C,Medium
95.4,42.94,6.72,5470.34,47.87,6.4,9.73,Medium,B,C,Medium
113.9,46.6,8.5,10497.92,58.28,-9.64,11.93,High,B,C,Low
137.0,66.17,16.75,14073.81,58.14,-9.46,11.3,High,B,B,Low
122.5,59.96,9.47,10612.04,64.7,-8.9,11.88,Low,B,B,Low
94.6,46.53,5.92,5772.21,60.34,-6.77,10.18,Low,C,C,Medium
77.9,40.35,3.3,4849.71,64.68,-6.5,8.48,Low,B,A,High
151.5,74.38,21.6,18290.51,65.28,7.63,12.92,High,B,A,Medium
101.2,51.77,6.37,6921.98,76.16,-7.34,10.12,Medium,A,C,Low
100.3,49.47,8.96,7262.4,57.64,-6.68,11.43,Medium,B,B,Medium
99.5,44.49,6.07,10327.97,52.94,-6.63,9.32,Medium,B,A,Medium
104.0,56.01,7.76,7681.77,61.85,5.69,8.29,Medium,C,A,Medium
97.1,44.0,6.2,4092.17,53.98,6.87,6.42,Medium,B,C,Medium
88.5,38.99,7.52,5849.05,71.11,5.55,9.31,Medium,B,B,High
89.1,45.0,7.19,6405.29,57.88,7.39,8.56,Low,C,B,High
99.3,58.16,6.46,6607.0,55.76,-6.42,11.62,Medium,B,B,Medium
89.1,47.0,7.27,5122.27,56.47,5.96,7.69,Low,C,A,Medium
85.7,37.68,4.91,3716.45,65.39,-7.16,8.38,Low,B,A,High
102.1,51.16,9.62,9495.16,58.82,-7.51,10.57,Medium,A,C,Medium
94.9,51.45,5.49,5461.67,55.19,5.09,8.38,Medium,A,C,High
130.1,67.06,15.21,12152.5,72.49,8.33,11.63,High,B,B,Low
47.0,20.13,1.79,1098.67,53.58,-5.06,7.49,Medium,A,B,Medium
121.8,58.73,10.56,10827.01,60.27,-7.03,10.6,High,C,B,Low
124.9,63.42,13.14,10298.22,64.89,7.02,12.09,High,B,B,Low
58.5,30.73,2.41,1323.45,47.76,-5.91,6.17,Medium,C,A,High
93.1,48.14,6.08,7659.58,63.6,-8.03,10.69,Medium,A,C,Medium
92.6,49.98,7.12,5019.14,52.09,-7.61,10.66,Medium,C,C,Low
71.8,29.46,5.62,3292.49,66.17,-6.94,9.49,Medium,A,B,High
84.4,43.51,8.16,4739.79,52.78,7.29,8.32,Low,A,B,Medium
77.8,34.03,4.25,3867.38,65.2,-6.8,9.49,Low,A,A,High
135.0,61.44,17.08,14708.21,68.29,-8.12,12.73,High,C,C,Low
118.7,55.36,10.61,8825.02,66.46,7.4,11.44,High,A,A,Low
125.4,64.44,12.66,12347.12,61.88,6.9,11.23,Medium,B,B,Low
114.4,55.6,8.91,11796.94,58.27,-7.7,11.75,High,A,A,Low
77.4,38.81,5.13,4309.39,55.68,-5.74,10.02,Low,B,C,High
89.5,48.37,6.45,5335.47,71.03,-7.66,6.88,Medium,B,B,Low
109.8,53.6,7.96,7175.43,54.75,8.06,11.27,High,B,C,Low
75.6,42.49,4.06,3092.7,52.22,5.47,9.06,High,B,B,High
114.3,52.38,9.39,11285.74,64.99,7.17,11.03,Medium,C,B,Low
95.2,49.46,6.05,3577.83,54.03,7.32,10.18,Medium,B,C,Medium
92.5,45.45,8.51,5674.97,52.87,6.27,8.95,Medium,A,C,Medium
114.2,55.98,8.76,7878.51,49.17,7.59,9.76,High,B,B,Low
108.9,55.48,7.97,9049.59,56.38,-7.63,10.72,Medium,A,A,Low
92.8,44.04,7.82,5388.61,59.38,-6.71,10.84,Medium,C,C,Medium
123.2,63.49,12.09,10262.29,61.82,5.94,9.88,High,B,C,Low
78.4,35.7,4.85,2850.44,67.13,-7.72,8.96,Low,A,B,Medium
112.3,61.54,9.64,7858.52,63.95,-7.0,8.82,High,C,C,Low
111.9,55.43,8.9,8047.89,58.57,8.31,12.52,High,C,C,Low
93.8,39.15,4.52,6624.79,58.51,-7.58,9.48,Medium,A,C,Medium
106.5,57.26,6.9,9256.55,63.83,7.1,8.26,High,B,C,Medium
75.0,40.2,6.32,3277.6,69.54,6.36,9.06,Low,C,B,Low
118.5,57.18,9.82,9183.18,60.95,-7.14,11.09,High,A,B,Low
96.3,47.43,5.0,6910.31,56.48,5.32,9.51,High,B,C,Medium
89.5,43.37,5.45,4331.1,52.55,-7.4,10.04,Low,C,A,High
121.0,58.53,9.71,8848.93,49.16,-8.04,11.28,Medium,A,C,Low
85.9,40.42,2.76,6150.79,65.0,7.12,9.63,Low,C,A,High
71.8,31.48,2.77,4056.86,64.33,7.99,9.19,Low,C,A,Medium
68.9,32.79,3.62,3027.03,64.33,5.69,6.66,Low,A,A,Medium
112.1,57.03,7.95,8948.74,59.04,-8.61,10.14,High,C,B,Medium
74.4,34.51,4.22,4056.78,70.55,6.42,8.33,Medium,A,A,High
135.1,59.95,14.87,11882.71,56.37,-7.16,10.91,High,B,B,Low
58.4,29.71,3.71,1590.74,67.16,5.49,7.98,Low,A,A,Medium
133.9,70.86,12.38,14067.3,59.71,-8.91,12.22,High,B,B,Low
104.2,47.68,9.19,10199.95,55.44,7.99,10.78,Medium,C,A,Medium
98.1,49.51,4.96,8808.84,64.44,-6.47,9.9,High,A,C,Low
89.1,53.24,5.24,5154.86,63.07,-7.5,10.5,Low,A,A,Medium
108.0,50.6,10.63,12203.62,62.68,-7.04,10.86,High,A,B,Low
99.2,51.76,6.76,5767.44,60.61,7.84,10.47,Low,A,C,Medium
122.1,61.4,14.43,11742.52,59.72,8.76,8.92,Medium,B,B,Low
102.3,49.81,6.86,3683.42,77.91,7.1,12.56,Low,B,C,Medium
103.0,50.74,6.61,4772.2,68.88,-7.46,10.32,Medium,C,C,Medium
92.7,43.53,7.22,6275.12,65.42,-5.83,7.63,High,C,B,Medium
98.9,51.17,7.05,7179.69,60.84,-8.0,9.82,Medium,C,B,Medium
106.2,51.03,5.62,6887.72,67.55,7.64,9.54,High,C,C,Medium
65.8,33.94,4.44,1356.49,63.88,-6.83,7.99,Low,A,A,Medium
73.0,33.56,5.79,5107.69,60.2,6.9,9.29,Medium,B,A,High
114.9,54.97,7.87,13113.36,57.72,7.37,12.64,High,B,B,Low
103.4,55.45,5.16,8745.62,59.39,8.21,9.97,Medium,B,C,Medium
96.3,43.82,6.86,5858.66,36.22,7.33,10.58,Medium,B,C,Medium
100.4,52.33,6.03,6608.77,61.58,6.11,10.79,High,C,C,Medium
107.0,50.24,6.61,6918.83,56.34,8.45,10.81,High,A,A,High
89.2,43.13,6.99,7063.11,71.95,-5.44,7.37,High,B,C,High
84.4,34.86,6.09,7819.21,60.15,7.2,6.03,High,A,A,Low
103.9,52.85,6.27,6704.53,51.08,-7.82,9.98,Medium,A,C,Medium
80.4,41.61,2.64,5216.27,59.63,-6.59,9.47,Medium,A,A,Medium
108.2,54.16,7.91,12037.74,52.15,-7.24,11.48,High,A,C,Low
65.9,34.19,4.97,2475.94,63.55,-6.31,7.52,High,B,A,High
120.6,57.09,8.37,9816.66,62.18,-6.41,9.22,High,B,A,Low
109.5,61.19,9.67,9111.24,67.18,-7.28,10.7,High,B,B,Low
105.1,56.78,8.66,8812.51,54.07,5.09,12.36,Medium,C,A,Medium
119.7,64.1,10.47,11227.65,60.26,-7.46,10.31,High,B,B,Low
133.3,62.85,12.21,14725.4,49.76,7.89,10.66,Medium,C,B,Low
120.3,53.3,9.89,13535.32,65.26,-7.82,12.33,High,C,B,High
63.2,32.01,2.96,2920.63,63.89,5.33,7.72,Medium,C,A,High
74.4,37.88,3.78,3039.75,63.72,6.75,8.09,Low,B,A,High
87.5,43.47,5.69,4881.24,60.01,7.51,9.43,Medium,B,B,High
100.5,45.61,6.69,7080.17,63.11,7.32,10.79,Medium,B,C,Medium
110.4,58.89,12.63,10715.02,72.03,-7.7,9.49,High,C,B,Low
85.5,41.79,5.94,5180.18,57.86,6.5,9.67,Low,C,C,High
103.7,47.97,7.62,11360.85,61.04,-7.19,11.55,High,A,B,Medium
84.9,40.44,7.07,4682.51,51.85,-7.16,11.22,Medium,C,C,Low
87.8,43.13,5.24,3727.47,53.49,7.09,7.91,Low,C,B,High
71.9,31.93,4.5,4754.75,60.73,-5.63,7.72,Medium,B,A,Medium
81.5,51.58,2.65,5089.39,68.28,7.62,8.93,Low,A,A,Medium
73.0,33.77,2.1,3054.51,58.08,7.04,9.04,Low,A,B,Medium
80.5,42.86,5.65,3048.06,58.23,-6.89,9.54,Low,A,A,Medium
121.1,67.86,11.47,12044.68,56.95,-7.12,11.94,Medium,B,A,Low
81.0,38.46,5.16,5139.24,55.99,-7.13,9.47,Medium,A,A,Medium
152.6,70.83,21.81,23652.23,62.21,9.29,13.97,High,A,B,Low
109.9,55.48,8.73,8839.42,48.77,7.0,11.16,High,B,B,High
103.7,48.04,9.02,5177.05,69.61,-8.02,10.48,Medium,A,C,Medium
82.8,34.97,6.82,4297.92,55.01,-6.21,8.4,Medium,C,A,High
114.0,51.74,8.91,9838.43,65.41,5.41,10.71,High,C,B,High
88.5,37.68,4.99,5019.18,50.48,5.25,8.52,Medium,C,C,Medium
102.4,48.25,8.88,7661.7,65.02,-7.3,8.69,High,C,A,Medium
151.2,75.3,19.32,20411.38,65.04,-8.63,11.4,High,C,A,Low
98.1,55.45,7.99,5825.95,62.88,6.71,9.42,Medium,C,C,High
123.0,62.48,11.35,11264.47,52.54,-9.11,11.08,Medium,C,B,Low
85.9,46.34,4.43,5011.51,61.87,-7.21,10.27,Low,C,B,Medium
99.3,40.97,7.33,8518.96,51.13,7.36,9.19,Medium,C,C,Medium
135.4,68.41,14.37,12040.07,58.1,8.69,10.09,High,B,B,Low
87.5,43.24,6.47,4490.35,67.72,-6.63,8.98,High,B,A,Medium
136.2,65.92,15.53,15821.34,65.98,-7.33,9.89,High,C,B,Low
114.2,56.9,10.1,8270.1,60.11,-7.24,12.03,Medium,B,B,Low
88.8,37.6,6.95,6057.62,52.69,-7.26,10.58,Low,B,C,High
112.6,58.81,9.76,10828.61,64.84,7.28,9.77,High,C,B,Low
119.5,58.95,13.07,12250.21,60.15,-8.85,10.68,High,C,B,Low
112.4,59.19,10.16,12534.81,42.6,7.41,9.28,High,B,B,Low
68.6,39.58,4.34,2472.96,65.87,6.75,8.3,High,C,A,High
85.5,45.18,5.88,7305.57,59.82,-5.99,10.14,High,C,A,High
95.0,47.67,7.03,8122.13,69.02,-5.77,9.97,Medium,C,C,Medium
98.5,50.97,7.26,10106.51,51.79,6.78,11.37,High,C,C,High
112.4,58.98,8.8,9627.38,36.17,8.57,11.62,High,B,B,Low
103.6,57.4,6.71,8061.64,62.09,7.04,9.17,Medium,A,C,Medium
73.3,36.98,5.24,3717.59,62.19,-4.88,7.47,Low,B,A,Low
107.6,59.82,10.29,10231.95,47.32,7.32,10.02,Medium,A,C,Medium
112.2,53.07,10.89,11411.37,52.66,8.06,12.11,High,A,B,Medium
111.2,55.27,9.93,8535.54,80.66,8.64,10.88,Medium,A,B,Low
121.6,66.64,11.88,12349.91,57.71,-7.95,12.09,High,B,B,Low
116.7,59.58,11.39,9817.7,65.48,7.81,9.65,High,B,C,Low
109.2,57.6,10.69,10290.61,55.12,8.42,10.99,High,B,B,Low
98.6,48.02,7.82,6742.38,44.32,-7.13,10.97,Medium,B,C,Medium
66.8,28.03,3.55,1688.71,58.72,-6.84,8.14,Medium,B,A,High
108.6,61.8,7.94,7882.92,58.01,-5.65,11.02,High,A,B,Medium
104.2,51.62,8.81,8562.83,57.0,-7.59,8.63,Medium,B,C,Medium
105.4,53.36,8.82,7800.87,59.14,-7.13,10.96,Medium,A,C,Medium
74.5,34.55,5.73,3774.69,61.98,7.03,10.12,Medium,B,B,High
78.4,38.34,4.84,4008.69,58.87,-6.75,11.02,Low,B,A,Medium
121.1,63.54,12.45,11822.88,50.52,-8.59,11.03,High,C,B,Low
99.2,50.88,6.47,7319.91,63.65,7.25,10.51,Medium,A,C,Low
113.6,60.0,12.2,9387.84,45.38,-8.97,11.93,Medium,B,A,Low
100.6,45.98,7.98,8781.92,44.62,-7.32,8.76,High,B,C,Medium
100.6,50.21,7.06,8821.97,65.54,7.29,9.34,High,B,C,Medium
118.8,51.78,10.5,13259.92,63.8,7.49,10.92,High,C,C,Low
89.7,45.08,2.24,7709.07,59.57,5.46,7.9,Medium,A,A,Medium
101.9,53.79,7.19,9390.41,49.53,8.41,9.42,High,B,C,Low
90.8,51.43,7.55,5542.34,54.69,-6.65,10.35,Medium,B,A,High
91.3,52.87,6.34,6994.13,58.03,7.9,10.59,High,B,C,Medium
93.8,53.24,9.02,5565.89,48.03,-7.06,8.8,Medium,C,C,Medium
104.4,51.15,8.19,7949.15,54.46,6.52,9.82,Medium,B,C,Medium
90.4,43.18,7.27,8384.47,64.89,-6.51,9.33,High,A,B,High
125.1,68.88,10.93,10971.37,70.7,7.74,11.92,High,A,C,Low
82.1,37.47,5.94,3655.33,56.85,5.47,8.36,Low,A,B,High
96.3,50.06,7.02,7994.55,65.67,8.11,10.55,Medium,A,A,High
91.2,45.02,7.09,5293.99,45.64,-7.25,9.66,Medium,B,C,Medium
128.9,58.02,10.75,14632.01,64.95,-9.5,10.0,High,C,A,Low
103.9,48.38,8.44,7766.93,53.97,8.27,10.82,Low,C,B,Medium
120.6,61.39,8.6,13457.34,62.31,7.36,12.33,High,C,B,Low
70.3,38.71,2.94,4898.92,58.14,-6.41,9.56,Low,B,B,High
105.3,61.28,7.55,8738.53,69.9,5.85,9.24,Medium,C,C,Medium
117.8,61.77,10.03,10775.93,53.44,9.07,10.62,Medium,A,A,Low
101.6,51.67,7.08,8083.21,64.71,-8.16,10.21,Low,B,A,Medium
121.3,64.6,14.01,13460.33,57.9,7.83,11.47,Medium,C,A,Low
89.7,45.35,6.4,6073.62,58.81,7.43,8.94,Medium,A,A,Low
128.2,63.79,11.8,12316.28,58.62,-7.67,12.05,Medium,A,A,Low
146.0,73.89,18.6,17251.79,53.66,-8.59,11.83,High,B,B,Medium
92.7,48.97,8.36,5813.56,59.89,5.45,10.36,Medium,B,C,High
91.1,44.87,6.26,6656.09,59.53,6.1,10.44,Medium,C,C,Medium
129.1,62.77,10.83,10911.81,61.81,-7.88,11.91,Medium,C,B,Medium
131.6,70.16,12.15,15935.54,60.63,7.48,11.79,Low,C,B,Low
89.5,39.13,6.08,4976.57,65.98,6.85,9.51,Medium,B,C,Medium
91.6,46.19,4.91,4476.25,66.93,7.31,9.32,High,C,C,Medium
94.4,47.11,7.11,5688.31,52.12,-6.1,12.97,Medium,C,C,Low
73.1,33.72,6.7,3572.65,66.52,5.07,9.45,Low,A,C,High
81.6,39.88,6.41,5035.18,51.1,-4.63,9.46,Low,A,B,High
79.9,36.15,2.76,3183.36,64.41,-5.71,7.06,Low,A,A,High
84.6,41.17,5.82,6611.71,64.65,-6.51,10.31,High,C,B,High
99.3,52.1,7.63,8512.15,45.67,-6.17,9.8,Medium,B,A,Medium
104.7,50.9,8.53,8638.64,60.7,9.13,8.65,Medium,A,A,Medium
131.0,70.08,11.07,11206.6,56.49,-9.24,12.54,High,B,A,Low
80.0,39.58,2.68,3833.94,54.31,6.15,8.49,Low,C,C,High
119.7,59.98,7.85,12684.26,70.13,-9.64,11.65,High,C,C,Low
95.7,48.69,7.01,6933.02,55.1,-6.76,10.29,Low,A,B,High
99.0,50.02,6.83,7929.58,53.95,7.33,10.73,Medium,B,C,Medium
113.5,64.28,11.8,10881.97,60.57,7.5,11.32,Medium,A,C,Low
77.5,40.97,2.65,2972.28,65.14,-6.75,4.81,Medium,C,A,Medium
107.6,53.45,10.25,10794.48,58.94,5.7,9.53,Low,B,C,Medium
103.3,51.03,7.59,5645.57,68.75,-6.89,9.02,High,A,C,Medium
109.8,59.04,10.53,7754.13,63.98,-6.25,10.0,Medium,C,B,Low
105.8,47.83,9.12,6697.51,43.66,6.8,11.74,High,A,C,Medium
149.1,78.02,20.9,19016.99,56.03,8.99,11.88,High,B,B,Low
87.2,39.74,6.58,5398.53,55.79,-7.86,8.11,High,B,A,High
89.4,42.98,6.73,7418.71,63.6,7.05,10.32,Low,B,A,High
87.5,46.35,6.53,5904.3,40.31,6.3,8.26,Medium,B,A,High
88.9,37.34,4.75,4877.97,79.12,-7.28,8.65,Low,B,A,Low
87.3,48.4,7.27,3797.58,63.98,6.0,7.09,Low,A,A,High
123.8,58.21,11.58,13890.75,61.12,7.55,11.5,High,A,A,Low
128.4,60.2,11.34,13550.64,68.86,8.32,12.26,Medium,A,B,Low
88.6,46.98,6.6,5598.89,77.58,-7.7,9.79,High,A,A,Low
83.4,36.11,6.3,6367.78,66.53,6.14,7.39,Low,C,B,High
109.4,55.71,9.25,8024.44,67.12,-7.43,12.08,High,C,C,Low
89.0,43.32,4.27,6382.77,60.98,5.79,11.42,Medium,A,B,High
112.7,55.29,9.25,9852.71,58.94,8.94,10.53,High,C,C,Low
104.1,52.57,8.76,8605.24,56.43,-7.9,10.63,Medium,C,C,Medium
69.7,31.6,3.35,3740.26,53.8,5.37,8.34,Low,B,A,High
131.0,62.3,15.27,13457.83,54.85,7.31,10.59,High,A,C,Low
135.9,74.95,14.2,15051.74,49.87,9.68,12.12,High,C,C,Low
87.7,38.65,5.21,5744.65,59.43,-6.18,11.19,High,C,B,Medium
92.2,52.77,6.76,6925.46,47.36,-7.54,7.17,Medium,A,C,Medium
105.7,48.73,9.46,7761.12,61.43,8.16,11.21,High,B,C,High
106.7,48.84,9.69,6104.21,59.73,-7.14,11.31,Low,A,A,Medium
113.2,60.95,8.87,9413.62,61.1,7.73,9.54,High,B,B,Low
140.2,71.75,14.79,13697.41,56.08,-8.65,12.16,Medium,C,A,Low
96.5,52.65,7.78,8623.14,83.08,-7.54,9.89,Low,B,B,Low
84.0,42.88,4.73,4588.76,70.2,-6.21,8.62,Low,B,A,High
72.4,37.44,7.18,4410.56,50.67,-6.45,7.12,Medium,A,A,Medium
85.4,39.57,6.33,6804.96,61.75,7.99,9.59,Low,C,A,High
99.3,44.43,7.34,8172.22,55.44,-8.06,8.3,Medium,A,C,Medium
135.9,62.36,16.42,12347.12,52.39,-7.01,13.36,High,A,C,Low
89.6,47.07,7.32,4469.94,49.95,-6.78,8.63,Medium,C,B,High
104.5,53.07,9.02,7653.3,63.24,7.47,11.01,Medium,A,C,Medium
99.7,56.57,6.93,9455.56,54.89,-6.39,8.5,Medium,A,C,Medium
123.8,65.11,12.15,12183.16,67.26,7.36,11.0,High,B,A,Low
150.5,71.41,23.44,17706.22,67.45,9.37,12.81,Medium,A,B,Low
89.4,38.23,8.94,5320.71,70.3,4.52,8.73,Medium,C,A,High
90.2,50.04,6.92,8159.57,53.61,6.14,8.51,Low,A,A,High
120.9,62.81,10.58,12810.58,63.57,7.04,10.39,High,B,B,Low
113.6,56.92,13.55,9833.35,64.74,6.54,11.59,High,A,B,Low
136.9,67.35,16.17,13814.84,56.44,-8.45,12.11,High,A,A,Low
111.7,59.08,10.07,13153.06,54.21,-7.16,10.57,High,A,B,Low
92.8,44.71,4.46,6263.71,72.07,-6.25,9.68,Medium,B,C,Medium
111.8,57.8,9.9,9147.03,61.71,7.67,9.84,High,C,B,Low
122.2,61.14,10.98,10041.49,64.77,7.28,12.75,High,C,B,Low
116.4,56.02,10.06,9163.89,53.83,7.92,10.47,Medium,B,B,Low
110.1,55.05,12.03,8166.45,50.86,-7.32,10.77,Medium,B,B,Low
121.3,62.41,10.25,12744.83,55.73,8.54,11.75,Medium,A,A,Low
123.4,62.13,11.49,15383.82,59.07,-7.23,11.76,High,C,A,Low
127.6,64.18,12.13,13424.98,52.02,-7.96,11.49,Medium,B,B,Low
113.0,57.97,4.08,8057.0,59.93,-8.23,13.6,High,C,B,Medium
96.7,49.36,9.83,4932.44,47.34,-7.47,10.52,Medium,A,A,Medium
102.9,45.07,5.42,6741.69,51.6,6.73,10.97,Medium,B,A,High
124.1,59.82,12.37,11153.38,65.03,-8.13,10.65,High,C,B,Low
83.7,43.01,4.93,4296.57,64.53,-6.25,9.99,Medium,C,A,High
107.4,50.9,8.63,9396.13,57.06,7.9,10.57,Medium,A,C,Medium
92.1,47.4,6.91,6115.2,52.37,6.75,7.83,Low,B,C,Medium
100.6,45.59,8.27,5167.96,52.29,7.1,8.98,Medium,C,B,Low
125.6,61.31,11.86,13994.42,57.2,-7.81,10.37,High,A,A,Low
103.8,52.34,10.1,5712.46,64.83,6.79,10.67,Medium,C,C,Medium
100.9,48.67,6.48,7844.53,66.96,6.36,9.49,Medium,A,C,Medium
72.8,42.68,4.87,2202.83,56.28,-7.44,8.8,Low,C,B,High
114.9,61.97,11.54,12423.54,51.35,7.02,10.9,High,C,B,Low
112.9,61.23,10.2,8668.59,62.01,-7.14,10.23,Medium,A,B,Low
143.3,71.06,15.79,18038.27,53.82,-9.03,12.46,High,B,C,Low
93.8,39.99,7.28,8181.13,56.11,6.66,8.0,Medium,A,C,Medium
104.4,43.27,7.56,7672.19,69.94,7.6,10.37,Medium,B,B,Medium
105.0,49.94,9.19,6676.52,66.2,-6.83,9.62,Low,C,C,Medium
131.5,63.77,12.83,15246.71,61.18,7.25,10.12,High,C,B,Low
98.1,56.25,6.15,9098.49,50.46,7.8,8.8,Medium,A,C,Medium
105.6,54.96,5.67,8341.82,61.59,8.17,11.57,Medium,A,C,Medium
112.2,59.23,9.67,9579.5,67.97,-8.39,10.16,High,B,C,Low
103.7,54.35,7.03,7095.7,57.18,6.54,9.31,Medium,B,C,Medium
91.1,46.21,6.04,4662.79,70.13,-5.8,8.56,Medium,B,B,Medium
103.9,53.83,6.17,7986.82,69.7,7.09,11.23,Medium,A,A,Medium
121.5,68.65,12.36,8327.93,72.48,-9.57,11.6,High,C,B,Low
79.5,36.74,3.86,3922.64,62.29,-7.42,7.72,Low,A,A,High
102.7,55.62,8.07,8190.27,64.41,6.96,10.86,Medium,C,C,Medium
86.0,42.04,5.67,7091.73,70.61,-7.49,9.59,Medium,A,A,Medium
123.9,53.65,11.79,12333.16,63.36,-8.2,9.61,High,A,B,Low
69.5,38.45,3.66,3282.68,56.24,-5.87,8.4,Low,B,C,Medium
88.8,54.53,6.07,4349.02,56.64,7.83,10.17,Low,C,A,High
107.5,54.92,8.29,7876.89,61.79,-7.57,11.18,Low,A,B,Medium
131.3,61.25,11.61,15871.29,50.32,8.96,11.16,High,A,A,Low
98.7,41.51,5.82,6768.77,58.93,-5.88,11.2,Medium,C,C,Medium
88.9,49.37,4.7,4677.12,68.22,-5.52,9.69,Medium,A,A,Medium
137.6,66.82,16.32,12120.53,43.57,-8.07,11.44,Medium,C,B,Low
71.0,37.38,5.39,2377.75,71.51,-7.53,6.71,High,B,A,High
56.0,28.44,1.73,1209.99,68.42,-4.92,6.53,Low,B,A,High
108.8,43.82,7.58,8706.31,56.55,-6.54,11.09,High,C,B,Low
90.0,50.99,3.98,5151.62,64.08,6.64,8.15,Medium,B,A,High
79.6,38.77,5.76,2951.68,60.02,7.7,9.25,Medium,C,A,High
114.2,55.21,10.13,12121.11,69.22,-6.87,11.78,Medium,A,B,Low
104.9,48.09,10.44,8600.97,67.37,-6.79,10.41,Medium,A,C,Low
88.7,43.97,6.45,6408.56,49.5,7.53,7.74,Low,C,A,Medium
74.4,35.96,3.03,3167.99,64.4,-5.83,8.43,Medium,A,A,High
117.4,60.29,11.13,8530.61,58.46,-9.66,10.83,High,B,B,Low
113.0,55.43,8.69,10588.25,60.62,7.12,8.96,High,A,B,Low
98.0,50.38,7.37,10530.24,54.54,7.96,11.25,Medium,A,C,Medium
136.9,65.98,15.01,15703.34,73.11,7.63,12.75,High,C,A,Low
78.6,40.78,6.42,3148.09,67.8,-6.45,10.53,Low,B,B,High
69.5,33.24,3.89,2508.1,54.45,-6.73,7.88,Low,A,B,Medium
86.2,43.2,9.79,4576.62,49.99,7.99,9.1,Low,A,C,High
99.1,45.04,7.52,7462.23,57.11,-5.69,8.26,Medium,C,C,Low
104.9,52.64,10.43,10071.09,63.26,6.53,10.0,Medium,C,C,Low
95.2,54.68,5.02,5768.38,61.8,7.02,10.16,Medium,B,C,Medium
107.0,48.47,7.42,9777.69,69.4,-7.86,10.34,Low,A,C,Medium
75.0,41.11,3.83,1769.01,65.92,6.61,8.52,Low,C,A,Medium
128.9,67.05,11.03,11924.01,67.27,8.44,12.74,High,C,B,Low
98.4,51.56,8.48,7764.83,62.45,7.66,6.64,Low,C,C,Medium
122.3,55.68,9.11,12624.61,49.58,-7.56,10.58,High,B,B,Low
106.9,61.97,7.17,8577.84,58.53,-4.96,10.13,High,C,C,Medium
109.1,42.02,9.2,9235.01,67.95,-8.21,9.84,Medium,B,B,Low
111.4,51.47,7.69,7610.35,59.61,-8.83,9.86,High,B,B,Low
109.0,53.58,10.39,8542.48,63.77,7.07,10.57,High,A,B,High
112.9,56.65,10.71,10785.62,57.61,-8.77,11.2,High,A,C,Low
126.6,62.15,13.43,9231.64,52.28,-9.15,10.7,High,B,B,Low
103.9,49.88,8.73,7836.87,59.07,-8.01,9.81,Medium,A,C,Medium
114.2,54.51,11.29,8625.88,62.32,6.82,11.42,High,A,B,Low
98.2,46.88,5.42,7777.96,55.08,-7.77,8.36,Medium,C,C,Medium
128.8,64.04,13.51,12282.14,58.23,-7.61,11.09,High,A,A,Low
86.5,44.03,5.14,4750.11,52.95,-6.98,8.48,Medium,B,A,Medium
136.0,68.61,15.98,18636.05,68.39,8.1,10.4,High,A,B,Low
99.2,50.38,9.82,4579.44,57.79,-6.33,9.94,High,C,C,Low
71.4,31.16,3.79,2097.75,70.9,5.36,8.07,Medium,B,A,High
102.6,48.91,10.45,8248.11,71.47,6.95,9.29,Medium,A,A,Medium
86.4,54.95,5.72,6466.99,59.39,-6.28,10.04,Low,B,A,High
116.8,55.78,12.26,9793.65,52.44,6.09,10.76,High,A,A,Low
86.9,42.69,2.91,5074.65,44.36,-8.5,9.19,Low,C,A,Medium
91.1,45.61,4.91,5352.36,48.96,7.03,10.5,High,A,C,Medium
62.2,32.66,3.32,2082.85,49.7,5.97,3.98,Low,B,B,Medium
91.0,40.98,4.4,5155.63,70.34,-5.09,10.91,Medium,B,C,Medium
51.5,21.97,3.99,607.84,60.87,-4.95,8.8,Low,B,A,High
68.3,37.25,3.16,2368.14,62.92,-5.19,6.48,Low,A,A,High
115.2,55.98,9.74,11840.81,43.35,7.43,10.05,High,A,B,Low
115.7,61.74,9.75,8017.95,51.02,-7.37,11.67,High,A,A,Low
108.5,59.77,6.98,6408.98,66.65,8.7,9.82,High,C,B,Medium
80.7,42.84,3.99,1585.12,62.15,-8.05,7.16,Low,C,C,Low
99.0,46.07,6.85,8697.13,58.9,7.37,9.98,Medium,C,B,Medium
99.9,46.15,9.7,6878.43,64.24,-5.36,6.92,Medium,B,C,Medium
76.8,36.36,5.99,6226.14,72.27,6.42,10.55,Low,B,B,High
130.1,62.13,13.65,12217.35,58.34,-6.74,10.78,High,B,B,Medium
117.5,56.71,10.36,11458.09,60.52,7.16,9.71,High,B,B,Low
95.6,50.36,8.35,4200.14,61.44,-6.94,8.82,Medium,B,C,Medium
100.5,48.54,4.09,8443.69,77.94,-7.06,10.23,High,A,C,Medium
104.2,48.88,5.91,10612.91,44.25,-8.99,10.49,Medium,B,C,Low
59.2,26.57,2.42,2306.85,65.12,4.5,7.09,Low,A,B,High
95.1,42.77,6.59,9265.11,59.14,-7.77,8.87,High,C,C,Medium
86.4,40.35,5.92,4251.21,64.25,7.23,8.62,Low,C,A,High
80.0,38.58,6.28,6707.82,55.07,-5.63,7.69,Medium,C,A,High
94.4,42.91,6.49,6263.87,59.63,7.13,10.71,Medium,C,B,Medium
136.0,68.08,14.81,19041.73,65.34,8.9,11.85,Medium,C,A,Low
112.8,59.94,11.29,10088.86,83.35,7.38,11.47,High,B,B,Low
88.6,44.94,5.41,3612.1,66.06,-5.69,9.81,Low,B,A,High
111.5,58.71,9.51,8741.19,53.64,-7.46,9.55,High,B,B,Low
